{"alarm clock": [0.9410903058600613, 0.39429377615201977, 0.9057976005728751], "armchair": [0.7852691371793026, 0.9975761478197226, 0.06378173641698148], "backpack": [0.2590234506867565, 0.7997214281397761, 0.3063804830026112], "bag": [0.29408602030007414, 0.4762278847023881, 0.8466130487921967], "ball": [0.9870145099982235, 0.30070786694178087, 0.16696271599977242], "bar": [0.1274951224427825, 0.146035995931609, 0.45996410031694956], "basket": [0.0703890357833461, 0.7085650047035255, 0.014262665348449444], "bathroom cabinet": [0.24243113245515857, 0.939272909029556, 0.8113928568813474], "bathroom counter": [0.5136892828202217, 0.9171194066777222, 0.13746817058512284], "bathroom stall": [0.9073087420703857, 0.9870385866433985, 0.9152501939595254], "bathroom stall door": [0.5884956740583942, 0.30867523125893226, 0.7187807027327934], "bathroom vanity": [0.9377868082266538, 0.5246928987971564, 0.5185713010311992], "bathtub": [0.2045863094303072, 0.9438916458751111, 0.28152538319468023], "bed": [0.257304446844152, 0.6821922953091798, 0.7618981521953655], "bench": [0.5951148517534277, 0.6472552843759339, 0.750080491692352], "bicycle": [0.19126597313609495, 0.9139686031417974, 0.22252367246331406], "bin": [0.5708469476905832, 0.592452987192713, 0.6815092069654599], "blackboard": [0.845633463493728, 0.979599023600489, 0.5706118058516566], "blanket": [0.21544453933152363, 0.3808755053376689, 0.41305775977040515], "blinds": [0.20850379617570491, 0.055952048780867236, 0.3817465611644637], "board": [0.8989791324888099, 0.6489786549481974, 0.5243994425879046], "book": [0.7250400922758129, 0.04654777093228635, 0.8131756030653717], "bookshelf": [0.567821729421711, 0.4458279898548939, 0.07126435894592631], "bottle": [0.24579907252150313, 0.2177451960891741, 0.8073603451531424], "bowl": [0.04704593840863147, 0.03399291901344448, 0.12170220314906777], "box": [0.37485394360556457, 0.842022805940166, 0.7821715758759766], "broom": [0.9201565004778318, 0.17898332088662727, 0.4583967304851252], "bucket": [0.5962873243741125, 0.2636587806787871, 0.1113082640930011], "bulletin board": [0.2319270922407386, 0.8396280721784184, 0.6051295894192403], "cabinet": [0.836281038378772, 0.5572748591780083, 0.8596715155062558], "calendar": [0.4219221436818812, 0.15909486482877855, 0.3828112194144143], "candle": [0.7476694354195584, 0.9920987831653669, 0.5820522758853506], "cart": [0.14923886522260654, 0.6092973440154277, 0.7381775604001815], "case of water bottles": [0.12334178276477359, 0.8019980466704505, 0.23052030542413338], "cd case": [0.9793434607709334, 0.35316582512812245, 0.1097036848733477], "ceiling": [0.5253304409996717, 0.8498131983718433, 0.402464276562717], "ceiling light": [0.23112969719227883, 0.8442297092977891, 0.00573418713163365], "chair": [0.8467796802569567, 0.7690100142338688, 0.6579880496306323], "clock": [0.43065484035301116, 0.05195777339468943, 0.29364310296775464], "closet": [0.14110497116016274, 0.5653898214603993, 0.24761598704115062], "closet door": [0.6835593727969582, 0.14955666254765487, 0.14209322074265907], "closet rod": [0.8818708195590468, 0.6408139497501707, 0.6009615863376622], "closet wall": [0.168146308399995, 0.4776430010439936, 0.7748042472961131], "clothes": [0.35117982944229864, 0.2751945799997805, 0.5623086786273218], "clothes dryer": [0.4946961195140642, 0.9132029730783913, 0.6146647066782878], "coat rack": [0.9899798876381788, 0.27013322687431895, 0.8255371063383273], "coffee kettle": [0.7639849006080797, 0.6799698480930295, 0.9115542113270894], "coffee maker": [0.6911784190699303, 0.43427564519959494, 0.9317724981595301], "coffee table": [0.4093873797969604, 0.6873604580990522, 0.518182558383563], "column": [0.27295348216195303, 0.4284761830749272, 0.5718443962439402], "computer tower": [0.016318017998296797, 0.6518020001974595, 0.9842158277707705], "container": [0.537021916190551, 0.249861452851031, 0.8601358015341719], "copier": [0.40980254514130676, 0.7979620830125203, 0.2908708924634529], "couch": [0.9703180032671298, 0.2937646838328106, 0.5823510467511477], "counter": [0.10772190910352053, 0.7906471200389447, 0.9483012866187945], "crate": [0.9576877704591051, 0.488143979571928, 0.24656684016466257], "cup": [0.27072347743494196, 0.7616817137638447, 0.09049686770655763], "curtain": [0.7330937874461492, 0.5977746848795987, 0.15375342685504756], "cushion": [0.5026126404746449, 0.7725557857198422, 0.4118431591025683], "decoration": [0.6288250566438784, 0.5263279229062181, 0.6150410667823352], "desk": [0.8295205704182728, 0.2817811775168445, 0.4081056012515113], "dining table": [0.4870256728907043, 0.45705657805452116, 0.7249890218655416], "dish rack": [0.34247096789052645, 0.14429220070196425, 0.5777769168163506], "dishwasher": [0.17169576787680152, 0.5201941446559457, 0.40277505086486987], "divider": [0.5401419675275683, 0.17325722893593054, 0.6263094637147903], "door": [0.633612678240166, 0.2610334900640301, 0.12250116289543422], "doorframe": [0.3850274671184045, 0.5461188620433781, 0.3490876963830907], "dresser": [0.2471525186851523, 0.5949914187951055, 0.058372027854044606], "dumbbell": [0.925621473394751, 0.6044379059968594, 0.9385944728579694], "dustpan": [0.8296031648104027, 0.4911253193997057, 0.9444867047047052], "end table": [0.888338700427078, 0.43008806310433767, 0.9838622393387824], "fan": [0.7713435260031402, 0.024861813305885216, 0.4030218232829179], "file cabinet": [0.4290957247021566, 0.35068745719885486, 0.06825083793096032], "fire alarm": [0.9042283646817038, 0.703173714783777, 0.46995477898202487], "fire extinguisher": [0.056280167763556266, 0.986653255251658, 0.8211739860744379], "fireplace": [0.40064738196505645, 0.34294304786050844, 0.46759090231308154], "floor": [0.8892421172710354, 0.343369962806624, 0.33333287962162905], "folded chair": [0.5071258389775026, 0.18032387924397952, 0.5311975039695126], "furniture": [0.40248530626567514, 0.32619763432046556, 0.057110654717657416], "guitar": [0.1027847080819011, 0.668637902329376, 0.06889341618499589], "guitar case": [0.8695177398921581, 0.05006923777986105, 0.1854219482799806], "hair dryer": [0.2335555723077407, 0.28014522133286335, 0.445539253746691], "handicap bar": [0.8810117774448457, 0.34526508533337164, 0.3350147175099658], "hat": [0.22199040692694394, 0.8068067309367261, 0.2110027314932419], "headphones": [0.5068476393561322, 0.13735796001038003, 0.261192585818525], "ironing board": [0.9180093482778379, 0.8680388052522368, 0.8180575651176212], "jacket": [0.8103110420247905, 0.4363006475261477, 0.2880867682992315], "keyboard": [0.5749859764604622, 0.7520001916845264, 0.05376226860099986], "keyboard piano": [0.8982310089825657, 0.6181344593175163, 0.9023556542374909], "kitchen cabinet": [0.4495246367147524, 0.8096257813538732, 0.017923919215639517], "kitchen counter": [0.3417903042689404, 0.7189739059887595, 0.8429384392254556], "ladder": [0.17404981826200028, 0.6561776723198397, 0.48995100926609325], "lamp": [0.9562848747621552, 0.23226402463397477, 0.42932564981588595], "laptop": [0.9850286895503347, 0.642095901700967, 0.6072437126488136], "laundry basket": [0.08959039538819213, 0.42020130443791814, 0.2858121620223427], "laundry detergent": [0.6576833740656989, 0.5571293449284063, 0.26859587896015313], "laundry hamper": [0.6566698149930319, 0.7664020821425016, 0.18611731468773374], "ledge": [0.04216580766009059, 0.980365059395241, 0.6641605967066061], "light": [0.6859874598538847, 0.02582068303959928, 0.31358797405303573], "light switch": [0.41627728993932844, 0.2666776864652989, 0.8234726239227649], "luggage": [0.12839476044078735, 0.21496904800330874, 0.8161784844817894], "machine": [0.24172864106341918, 0.9977026909226309, 0.25568006815925537], "mailbox": [0.3728447544978044, 0.40948395515526326, 0.7480983458432994], "mat": [0.9606925827589256, 0.5699107894953401, 0.42553050066382925], "mattress": [0.41113870165625965, 0.3819319356459664, 0.906568976067149], "microwave": [0.9186196411430215, 0.502892753415848, 0.5854449416483247],